perc_pairs_on_same_strand_hq	33.40%
perc_informative_read_pairs	35.64%
perc_pairs_intra_hq_gt10kbp	50.47%
perc_intercontig_pairs_hq_gt10kbp	67.72%
perc_noninformative_read_pairs	59.51%
perc_duplicate_reads	0.00%
perc_zero_dist_pairs	0.15%
perc_unmapped_reads	0.00%
perc_mapq0_reads	37.35%
perc_pairs_greater_10k	8.88%
perc_pairs_greater_10k_on_contigs_greater_10k	60.46%
perc_pairs_on_same_strand	37.08%
perc_intercontig_pairs	85.32%
perc_intercontig_pairs_hq	67.72%
perc_split_reads	19.67%
perc_hq_rp	22.03%
perc_different_ref_stub_pairs	85.32%
proximo_usable_rp_hq_per_ctg_gt_5k_per_million	25.81
proximo_usable_rp_hq_per_ctg_gt_5k	51.62
proximo_usable_rp_per_ctg_gt_5k	103.56
mapq0_reads	746,943
split_reads	393,354
unmapped_reads	0
duplicate_reads	0
proximo_usable_rp	598,675
different_ref_stub_pairs	1,706,318
total_pairs_on_same_contig	293,683
pairs_greater_10k_on_contigs_greater_10k	177,574
informative_pairs	712,841
pairs_intracontig_hq_gt10kbp	71,792
proximo_usable_rp_hq	298,398
zero_dist_pairs	3,009
total_read_pairs	2,000,001
intercontig_pairs_hq	298,398
pairs_intracontig_hq	142,234
total_read_pairs_hq	440,632
pairs_on_contigs_greater_10k	293,683
pairs_greater_10k	177,574
pairs_on_same_strand_hq	47,503
pairs_on_same_strand	108,896
intercontig_pairs	1,706,318
script_dir	/usr/src/hic_qc
outfile_prefix	/scratch/srb67793/GenomeAssembly_Spr2025/Results/HiFiASM/Read_mate_dist
pg_logo	/usr/src/hic_qc/collateral/PGBlueLogoHorSmall.png
bamfile	/scratch/srb67793/GenomeAssembly_Spr2025/Results/HiFiASM/G_maculatum_BF73.asm.hic.hap1.p_ctg_vs_HiC.bam
bamname	G_maculatum_BF73.asm.hic.hap1.p_ctg_vs_HiC.bam
long_hist	/scratch/srb67793/GenomeAssembly_Spr2025/Results/HiFiASM/Read_mate_dist_long.png
short_hist	/scratch/srb67793/GenomeAssembly_Spr2025/Results/HiFiASM/Read_mate_dist_short.png
log_log_hist	/scratch/srb67793/GenomeAssembly_Spr2025/Results/HiFiASM/Read_mate_dist_log_log.png
log_log_norm_hist	/scratch/srb67793/GenomeAssembly_Spr2025/Results/HiFiASM/Read_mate_dist_log_log_norm.png
contigs_greater_0k	5,781
contigs_greater_1k	5,781
contigs_greater_2k	5,781
contigs_greater_5k	5,781
contigs_greater_10k	5,781
contigs_greater_20k	5,533
contigs_greater_50k	1,172
N50	118,591,037
contigs	5,781
total_length	3,652,219,403
total_reads	4,000,002
judgment	<span class="pass">SUFFICIENT</span>
qc_purpose	Genome Scaffolding
same_strand_threshold	1.5
informative_read_pairs_threshold	5.0
noninformative_read_pairs_threshold	50.0
long_contacts_threshold	3.0
intercontig_hq_contacts_threshold	2.5
usable_hq_gt_5k_threshold	600.0
min_usable_reads_per_contig_per_million_threshold	100.0
high_dupe_threshold	20.0
many_zero_dist_threshold	20.0
many_zero_mapq_threshold	20.0
many_unmapped_threshold	10.0
alignment_command_line	bwa mem -t 24 -5SP 
samblaster	samblaster command not found
lib_enzyme	unspecified
ref_assembly	G_maculatum_BF73.asm.hic.hap1.p_ctg.fa
fwd_hic_reads	LAWR_OmniC_NA_NA_GAGACGAT_Geranium_maculatum_BF73-Geranium_maculatum_BF73_OmniC_I1420_L6_R1.fastq.gz
rev_hic_reads	LAWR_OmniC_NA_NA_GAGACGAT_Geranium_maculatum_BF73-Geranium_maculatum_BF73_OmniC_I1420_L6_R2.fastq.gz
same_strand_hq_html	<span class="pass">33.40%</span>
informative_read_pairs_html	<span class="pass">35.64%</span>
noninformative_read_pairs_html	<span class="fail">59.51%</span>
long_contacts_html	<span class="pass">50.47%</span>
intercontig_hq_contacts_html	<span class="pass">67.72%</span>
usable_hq_gt_5k_html	<span>51.62</span>
usable_hq_gt_5k_per_million_html	<span class="fail">25.81</span>
high_dupe_html	<span class="pass">0.00%</span>
many_zero_dist_pairs_html	<span class="pass">0.15%</span>
many_unmapped_reads_html	<span class="pass">0.00%</span>
many_zero_mapq_reads_html	<span class="fail">37.35%</span>
version	0+untagged.261.g6881c33
